index,Population Density,Unemployment Rate %,Police Station Distance km,Number of Schools,Average Income,Age Group Ratio (15-24) %,Age Group Ratio (24-44) %,Age Group Ratio (44+) %,Poverty Rate %,School Dropout Rate %,Good Housing Quality %,Distance to Public Transport km,Recreational Facilities,Child Living With Single Parent Rate %,CCTV Cameras,Drug Hospital Admissions,Police Patrol Frequency,Emergency Response Time (Mins),Youth Unemployment Rate %,Alcohol OutletDensity,Distance to High Risk_Areas km,Mental Health Services Count,Total Crime in Month
0,283977,5.3,1.3,270,75334,24.4,72.9,2.7,93.4,33.9,61.3,83.1,694,75.3,787,1774,448,81.5,15.0,250,23.3,185,183
1,409705,35.3,17.3,458,86717,95.2,1.2,3.6,58.7,79.8,45.6,35.9,720,40.2,394,4150,146,66.5,64.7,370,13.6,338,529
2,112779,92.8,9.8,397,86482,2.6,78.9,18.5,67.4,51.9,99.4,28.5,421,51.0,82,1802,156,443.8,100.0,383,33.1,310,331
3,633945,40.8,19.9,177,33704,53.7,40.3,6.0,41.7,7.3,75.2,75.9,156,60.3,843,2671,299,343.6,80.6,203,26.5,160,347
4,607368,5.9,21.7,716,77833,20.1,19.3,60.6,94.5,5.9,61.7,90.5,343,75.7,520,3569,81,125.3,17.4,343,9.0,16,468
5,7894,72.7,14.6,875,49947,12.4,14.9,72.7,91.2,53.6,64.9,97.6,261,7.6,304,9873,234,285.8,99.6,424,13.7,275,1000
6,997330,25.7,10.0,984,59890,40.9,10.9,48.1,91.9,8.1,5.8,27.6,109,66.7,909,5058,214,80.2,52.7,363,45.6,5,630
7,248417,75.1,15.8,575,11757,34.8,30.7,34.5,38.9,59.1,91.6,89.9,794,70.5,624,7112,303,305.6,100.0,86,8.6,65,763
8,839463,93.5,1.8,793,89303,20.1,29.7,50.2,97.8,18.2,49.4,60.9,624,38.7,585,5068,208,43.5,100.0,15,1.7,320,623
9,94095,7.6,5.8,207,38448,58.3,22.9,18.9,72.4,23.0,45.6,88.5,872,31.6,432,3438,328,158.4,11.0,27,5.1,180,315
10,418371,39.3,3.8,104,56832,17.9,7.3,74.8,7.0,33.5,25.2,50.7,614,74.5,576,4624,141,345.4,100.0,110,16.0,192,517
11,28735,56.3,13.5,608,64385,54.9,5.8,39.3,51.4,19.2,85.4,66.8,658,23.0,738,3156,169,324.2,100.0,351,19.0,420,392
12,810613,1.2,21.8,295,91399,53.4,27.5,19.1,46.1,51.9,19.0,74.5,499,15.7,195,9823,161,489.7,2.5,75,23.4,14,1000
13,968001,96.5,19.5,555,95461,63.6,27.2,9.2,27.3,43.1,13.7,92.8,519,76.7,909,1339,284,213.5,100.0,143,34.2,333,245
14,762938,47.1,18.0,333,43680,14.9,70.7,14.4,9.5,57.7,84.4,37.0,504,16.5,890,5784,40,361.0,100.0,338,28.8,95,701
15,422790,97.9,27.4,633,17272,21.5,30.6,48.0,41.2,17.0,52.7,93.4,326,76.3,695,3712,468,392.6,100.0,195,21.2,377,438
16,146232,90.7,19.3,909,69028,22.8,18.1,59.1,8.8,36.1,29.6,97.0,601,31.1,49,923,33,73.9,100.0,382,37.8,228,231
17,648988,74.8,1.8,86,41492,32.2,20.1,47.7,81.5,35.4,70.5,77.7,665,49.8,466,8439,360,102.2,85.7,163,9.7,374,961
18,847273,56.3,4.6,181,26666,22.0,2.8,75.2,5.2,59.5,28.0,11.8,968,90.2,800,6513,133,148.7,100.0,325,36.7,253,774
19,712096,66.0,29.9,256,99410,0.5,86.8,12.7,64.4,83.8,27.4,56.5,209,64.4,816,8028,324,453.8,100.0,382,25.1,182,944
20,717040,87.3,11.2,304,11511,40.7,32.9,26.4,14.3,7.8,74.8,82.3,626,81.7,208,650,231,241.7,100.0,442,21.9,269,251
21,260654,95.2,27.7,954,66448,55.7,30.0,14.3,54.3,87.9,8.4,64.1,654,24.5,874,7345,68,264.2,100.0,326,13.2,474,856
22,993160,11.3,2.3,773,76039,16.5,16.4,67.1,98.8,51.5,35.0,82.4,579,46.1,326,6877,268,7.9,22.1,212,37.9,46,813
23,573197,74.4,21.7,932,36642,6.8,4.2,89.0,84.1,57.1,99.2,56.7,421,76.5,364,6956,333,469.1,100.0,300,41.7,222,813
24,842155,14.6,2.8,197,70458,3.4,30.1,66.5,2.7,16.2,58.0,32.9,607,9.9,295,3794,313,490.3,31.2,215,9.5,462,460
25,819761,14.0,2.8,579,69547,2.4,39.4,58.2,46.1,23.5,45.2,9.4,547,2.3,906,5451,225,335.5,15.1,351,29.2,436,653
26,524536,60.6,29.9,857,29550,10.9,76.8,12.3,14.4,80.8,85.0,90.6,200,56.8,524,9679,32,31.7,67.3,29,40.9,400,1000
27,30295,90.7,27.9,988,11865,39.2,19.9,40.9,34.2,39.1,51.6,37.6,777,91.1,48,5888,446,407.0,100.0,486,15.7,171,719
28,154778,61.6,5.6,695,62144,10.8,50.1,39.1,50.7,93.2,81.4,59.3,693,15.1,347,3482,269,332.7,100.0,354,47.1,222,447
29,396587,69.0,15.9,737,96302,49.9,29.5,20.5,52.1,47.1,29.5,27.1,483,16.0,23,8923,48,243.4,100.0,301,1.1,431,1000
30,883974,78.9,12.0,675,41945,48.1,37.0,14.9,10.7,73.4,31.8,28.1,461,83.8,92,2501,73,366.1,100.0,331,25.4,88,455
31,764235,30.8,9.9,166,96735,3.8,58.2,38.1,22.6,9.5,95.9,88.0,251,21.2,733,1084,446,238.8,90.6,300,17.4,398,220
32,100393,84.5,4.1,263,89185,76.0,9.7,14.2,28.7,78.3,6.6,37.2,941,5.6,587,4833,334,395.0,100.0,221,19.4,238,544
33,99581,4.0,11.1,465,56959,10.9,58.6,30.5,36.0,17.8,27.0,7.2,416,98.4,529,5366,361,489.7,8.6,415,42.4,286,567
34,726727,9.4,5.4,390,82255,35.2,25.9,38.9,6.2,34.3,80.6,39.1,389,7.9,319,409,362,171.4,24.6,302,4.5,302,134
35,80552,59.4,26.4,854,18605,22.1,3.1,74.8,19.7,20.3,92.4,73.7,658,32.9,746,9478,361,437.5,96.7,103,3.9,163,956
36,208194,1.8,15.6,79,67864,16.2,56.7,27.1,51.2,72.4,33.8,79.6,772,30.8,621,2730,22,154.8,3.7,462,7.1,166,377
37,190251,53.3,12.3,369,97339,1.7,72.4,25.9,9.8,48.1,6.9,51.5,569,95.3,72,606,83,489.9,86.0,199,11.6,400,156
38,357569,79.8,18.8,2,33574,14.5,47.1,38.4,7.0,59.4,68.6,87.6,709,13.3,899,3297,67,379.4,100.0,167,30.9,218,382
39,884646,87.4,11.6,988,35278,82.8,15.7,1.5,31.0,93.9,37.2,50.5,491,17.2,389,3213,214,124.9,100.0,41,40.0,224,445
40,696292,80.9,23.6,682,48045,10.8,22.0,67.2,58.7,69.1,61.6,99.2,596,20.8,746,2462,173,130.4,90.2,91,23.1,123,339
41,418103,18.4,18.4,594,74825,11.6,37.7,50.7,5.2,48.8,31.2,28.3,608,67.5,145,6376,139,330.2,35.3,82,45.8,133,677
42,16251,59.3,10.2,519,17296,8.4,78.5,13.1,77.0,54.4,80.6,50.5,492,52.5,830,181,59,34.0,87.2,212,30.5,207,87
43,955636,82.1,15.1,456,65998,47.7,34.9,17.4,81.0,94.1,15.5,90.0,266,17.7,634,7168,144,244.8,100.0,476,26.8,369,942
44,668943,50.8,2.1,688,27723,34.9,8.3,56.7,43.9,54.7,74.6,31.4,312,56.9,832,3318,64,402.2,60.5,484,10.8,31,493
45,7582,58.0,13.6,167,89262,28.0,25.0,47.0,39.3,64.2,62.2,1.6,240,82.0,473,319,489,491.1,100.0,170,20.0,212,49
46,512699,51.1,5.7,614,83725,7.7,30.5,61.8,70.8,2.1,54.9,92.3,972,57.6,206,6060,297,417.0,77.4,478,42.3,330,746
47,598326,89.5,2.1,336,59986,15.3,59.7,25.0,34.9,53.3,67.3,73.6,337,92.8,925,4640,257,142.7,100.0,139,11.6,264,554
48,264037,34.2,23.3,301,35469,12.3,81.8,5.8,90.4,67.7,81.6,37.3,984,37.2,657,899,375,275.3,79.1,173,10.5,382,137
49,302247,49.0,9.7,220,87287,13.1,12.1,74.8,20.1,30.9,80.8,1.3,423,4.2,617,6173,164,264.4,94.7,8,46.9,378,643
50,564653,82.3,17.5,639,75994,10.7,65.5,23.8,97.6,62.3,58.8,4.7,950,29.7,532,2618,288,342.0,100.0,335,19.2,224,414
51,163262,57.4,10.6,490,86575,49.5,33.5,16.9,17.4,30.1,42.2,62.9,609,41.5,975,7617,325,8.6,93.2,120,31.5,182,775
52,730566,41.8,9.1,393,88998,51.5,22.0,26.4,45.7,70.3,19.8,27.4,251,31.8,680,4630,477,426.3,100.0,311,20.6,148,576
53,54485,59.3,4.0,83,71621,71.6,2.9,25.5,28.6,22.9,73.8,34.9,347,52.2,530,6664,405,389.4,100.0,37,47.8,286,660
54,122790,22.6,21.2,127,62371,16.7,49.6,33.7,17.7,23.0,2.5,10.0,721,18.7,68,8903,361,290.9,28.7,455,42.8,381,963
55,906062,39.2,10.0,487,79244,0.9,83.4,15.7,19.7,99.1,16.3,87.1,872,4.2,1,7224,393,458.7,47.0,189,14.9,176,858
56,105878,83.8,16.0,961,80947,29.2,51.9,18.9,24.1,23.4,53.2,75.3,730,44.4,398,3019,404,140.1,100.0,443,30.0,140,397
57,601779,48.1,28.8,24,44987,92.4,1.2,6.4,80.9,46.6,14.8,36.0,983,32.7,85,7667,458,71.1,80.1,216,24.4,385,870
58,701042,52.0,1.0,435,91313,17.9,49.3,32.8,32.5,31.0,33.7,22.8,179,72.0,225,8721,227,102.2,100.0,1,27.5,393,955
59,610736,79.4,16.5,359,91908,50.1,4.9,44.9,70.6,23.7,87.2,31.6,952,67.6,989,8226,493,18.4,100.0,476,34.9,327,964
60,934137,74.5,29.2,844,33888,59.0,0.1,40.9,50.8,37.8,57.5,86.3,436,55.2,653,16,147,78.7,100.0,428,14.8,382,206
61,974486,43.4,16.9,997,95415,28.8,42.4,28.9,40.6,25.2,82.3,86.8,972,64.4,279,6474,418,239.4,94.7,48,19.0,105,756
62,272141,66.3,5.3,671,26386,46.4,14.0,39.5,80.6,45.7,41.2,96.6,196,2.1,225,5237,59,82.4,100.0,71,7.1,255,630
63,368828,35.3,4.0,387,74946,44.3,23.9,31.8,76.2,35.0,9.1,72.8,868,79.6,378,9325,41,393.3,65.9,248,18.7,413,1000
64,519182,13.8,10.9,526,30396,4.8,42.9,52.3,38.5,75.3,47.9,79.5,935,31.1,486,4814,298,468.6,31.8,480,24.9,444,591
65,520313,46.4,20.0,759,12108,62.6,35.8,1.6,34.3,44.6,21.4,44.8,405,25.6,263,7822,454,113.7,88.8,422,20.4,441,899
66,879210,46.5,27.9,975,13625,26.6,55.0,18.4,76.5,79.6,95.3,72.0,113,87.4,78,8188,387,248.5,100.0,25,49.5,255,930
67,318072,60.7,9.5,402,46206,42.4,3.1,54.5,91.8,67.5,16.0,1.3,833,58.5,372,2090,389,218.0,100.0,286,25.0,122,334
68,663332,96.1,8.7,298,93688,55.0,19.5,25.5,19.7,42.3,55.3,7.3,353,74.3,496,7644,390,394.7,100.0,79,7.4,43,862
69,829930,80.2,9.5,196,61866,4.8,31.1,64.0,43.9,25.2,55.2,93.0,68,32.6,360,8315,194,447.1,100.0,228,49.8,255,990
70,495160,11.9,25.0,431,50273,37.1,57.5,5.4,51.8,15.8,23.2,85.8,772,19.2,9,9958,263,350.5,20.2,364,11.9,186,1000
71,169360,69.7,18.1,937,26237,36.3,16.5,47.2,24.5,78.3,87.7,33.8,155,94.9,285,6766,304,414.3,100.0,464,10.8,278,792
72,648956,41.3,19.7,205,27484,23.4,30.0,46.7,88.2,34.0,43.9,7.5,927,3.3,714,5405,313,17.4,90.1,378,44.6,120,676
73,813601,7.5,21.7,151,48122,31.2,30.5,38.3,3.1,47.7,68.5,9.9,715,9.9,180,3524,262,103.9,13.4,98,49.7,160,408
74,963343,59.3,24.8,924,16336,15.5,65.4,19.1,53.3,52.9,8.0,32.6,305,33.5,922,6163,464,448.0,100.0,403,42.2,289,754
75,600459,35.9,11.6,79,65109,9.3,5.5,85.3,1.6,1.5,59.3,60.3,581,86.3,682,4524,352,126.3,97.6,384,9.3,217,562
76,224656,6.5,8.3,994,28979,12.8,2.2,85.0,26.8,39.8,37.3,77.1,875,9.0,179,7717,477,297.5,14.5,92,35.9,358,761
77,112404,91.4,29.0,743,77585,3.4,77.7,18.9,87.2,70.0,85.1,58.3,427,86.6,271,3662,323,492.5,100.0,346,32.0,57,490
78,29977,67.5,9.3,999,90252,3.3,1.1,95.5,31.2,85.4,55.5,38.8,666,60.0,425,9000,189,238.6,100.0,31,36.2,201,907
79,359973,5.3,23.9,36,94231,62.6,12.7,24.6,66.2,73.6,80.7,17.0,187,58.8,201,5510,157,159.0,11.9,62,5.5,375,587
80,501663,30.4,22.3,199,42279,9.3,87.1,3.6,54.2,85.2,47.6,48.0,737,50.5,266,4465,166,203.9,88.3,200,18.1,187,539
81,673542,77.3,15.2,530,59517,11.5,88.4,0.1,78.0,83.2,28.9,48.7,773,12.6,612,4823,314,235.6,100.0,322,49.5,49,605
82,898683,1.4,13.3,763,33580,72.9,21.4,5.8,6.6,37.4,35.0,24.3,700,56.2,875,1576,65,446.0,2.3,113,29.5,101,220
83,336063,72.4,24.2,333,92780,3.9,57.2,38.8,45.3,85.7,74.1,69.3,578,39.8,257,5810,227,276.5,100.0,395,41.1,289,730
84,315485,85.9,26.6,948,68078,34.1,13.0,52.9,57.9,63.0,64.0,38.4,826,25.4,768,5544,272,479.1,100.0,407,1.5,421,679
85,96045,18.0,21.4,647,62709,11.6,50.1,38.3,84.1,27.7,38.7,44.0,708,21.6,290,1427,253,466.7,41.1,304,18.2,372,190
86,212383,4.7,10.3,434,15115,43.4,4.4,52.2,67.3,3.4,95.4,81.3,372,56.5,383,5585,49,104.5,12.2,251,28.5,306,633
87,255748,11.1,8.3,178,17451,11.2,66.0,22.8,41.0,31.1,98.3,15.7,320,31.3,545,6805,376,126.9,22.5,114,2.4,63,678
88,599053,5.0,7.8,206,29312,0.1,78.5,21.3,27.3,23.5,71.8,32.3,436,72.2,339,8373,138,223.5,5.6,29,14.5,99,873
89,16775,49.0,28.2,691,94232,19.7,40.2,40.2,15.2,37.8,41.0,42.6,612,47.7,230,8855,120,451.7,52.2,267,5.7,401,966
90,884137,20.0,6.0,898,17159,10.3,29.0,60.7,64.6,70.7,43.6,39.8,224,46.0,548,6411,287,391.3,49.1,423,17.2,256,796
91,264847,96.8,26.2,158,85422,74.4,25.6,0.0,25.2,30.4,69.2,78.2,555,85.2,463,6854,2,334.6,100.0,120,25.4,452,791
92,471154,60.2,27.1,854,38197,37.7,33.3,29.0,68.2,43.6,84.6,12.6,992,63.7,857,9230,393,83.7,100.0,377,6.9,230,1000
93,973221,30.6,23.5,578,30278,13.3,4.7,82.0,54.3,55.4,30.0,12.0,332,67.8,750,3907,310,442.8,65.3,489,17.8,442,560
94,413443,31.5,2.2,438,29678,4.7,85.1,10.2,9.6,65.7,75.7,8.8,885,87.0,865,8903,220,83.6,37.3,236,1.9,316,937
95,721362,90.5,3.0,767,37419,1.2,22.6,76.2,3.6,81.2,2.6,3.1,175,41.8,981,7342,251,88.7,100.0,240,5.2,458,847
96,698537,96.5,16.0,153,52466,20.4,26.9,52.7,98.0,64.6,8.4,47.0,919,74.8,378,7951,237,67.1,100.0,424,13.6,154,1000
97,275938,75.7,20.5,39,15282,0.7,68.6,30.7,93.3,46.4,41.9,71.0,809,10.6,879,2829,139,243.2,100.0,158,16.6,334,390
98,230943,39.2,14.3,759,29102,54.5,16.3,29.2,6.7,60.1,13.2,93.8,140,95.1,748,5278,264,73.7,100.0,339,16.9,299,607
99,915635,14.0,27.0,726,20707,29.8,47.9,22.3,41.0,55.4,24.1,8.0,826,99.7,818,9707,426,290.9,15.3,244,7.7,114,1000
100,79396,17.2,12.6,48,29992,32.1,59.5,8.4,57.0,49.2,30.8,48.2,423,18.2,159,160,420,207.3,33.0,387,13.2,82,82
101,89730,74.7,12.4,234,23637,18.1,17.9,64.0,86.8,100.0,59.2,99.6,344,32.3,10,99,285,422.6,100.0,304,3.8,89,129
102,41718,69.2,4.9,373,44944,30.0,20.5,49.5,96.6,69.9,38.9,5.8,382,4.1,465,193,342,358.3,100.0,290,41.5,207,85
103,51647,50.8,11.4,454,28522,64.1,23.2,12.7,82.0,4.1,91.7,60.0,381,23.8,444,46,234,212.1,60.3,43,47.1,229,26
104,20995,79.8,12.7,320,88116,11.6,39.7,48.6,41.2,86.1,15.8,21.5,137,57.6,89,112,428,104.3,100.0,404,46.7,132,98
105,60218,35.6,15.8,266,56854,11.4,85.0,3.6,51.3,11.7,66.7,40.0,291,55.1,456,126,474,260.2,68.2,101,35.6,71,0
106,42449,95.7,25.3,168,81189,1.5,63.3,35.2,71.2,29.1,93.7,34.3,158,72.0,252,187,327,136.9,100.0,375,20.3,75,127
107,65238,6.9,19.1,272,19777,25.5,44.7,29.8,47.8,60.3,14.3,80.9,292,17.2,259,58,278,143.7,20.1,155,31.9,26,6
108,38810,29.9,7.2,277,55387,69.3,23.1,7.6,38.3,35.1,72.0,78.9,414,44.2,460,98,257,279.0,56.4,99,33.5,119,11
109,55510,18.4,5.4,280,48343,34.7,47.8,17.5,23.9,12.1,98.2,11.7,280,95.0,437,87,32,117.7,22.3,314,17.5,176,91
110,51879,28.7,19.6,30,51969,4.4,8.1,87.4,52.6,33.4,38.7,29.8,250,40.7,116,30,272,268.9,48.5,429,9.2,171,101
111,52271,4.5,20.5,301,52906,22.8,37.8,39.4,94.8,70.2,12.2,10.1,350,8.4,291,155,447,26.1,6.7,398,14.9,225,63
112,30753,73.9,23.6,417,35374,35.2,4.4,60.4,9.6,64.4,25.6,1.9,461,19.7,432,171,2,141.3,100.0,87,18.4,187,69
113,13282,7.6,24.6,349,98309,27.5,34.1,38.4,21.5,16.1,34.7,92.7,230,73.1,141,66,59,403.9,22.0,42,37.2,163,19
114,28185,40.7,19.3,392,46825,3.0,94.2,2.9,20.3,63.0,8.5,11.9,260,21.2,239,26,309,353.2,79.1,235,15.5,168,64
115,17890,33.8,10.1,36,45915,77.4,8.1,14.5,27.9,25.7,49.9,1.9,264,41.5,33,125,308,381.6,38.7,206,5.9,216,55
116,55342,98.0,4.1,170,12400,7.8,70.8,21.4,98.6,73.7,57.3,23.9,122,83.6,286,86,170,234.2,100.0,263,1.2,114,124
117,15562,52.5,28.5,131,88065,27.2,65.3,7.5,26.7,82.1,41.4,33.7,400,68.9,436,10,268,354.7,100.0,181,42.8,22,12
118,80656,12.8,29.2,444,94731,71.5,26.0,2.5,75.4,71.4,56.7,26.9,437,28.3,65,12,51,55.7,33.7,332,23.1,99,90
119,62394,53.1,16.6,191,98599,34.6,45.3,20.1,30.2,1.2,97.5,19.6,261,9.8,17,9,141,416.3,100.0,168,10.0,44,76
120,49780,38.6,1.7,473,15740,28.2,16.5,55.3,98.9,38.1,65.8,55.2,372,91.7,145,180,45,401.9,45.7,353,43.0,157,117
121,69748,55.4,6.2,224,95850,72.1,14.9,13.0,69.0,28.1,87.2,9.1,38,65.2,55,175,286,488.8,100.0,46,43.7,42,68
122,7335,83.1,26.0,416,72331,74.9,14.6,10.5,46.6,95.7,81.5,78.3,214,85.7,472,28,178,275.9,100.0,383,36.5,218,112
123,20002,19.0,11.2,127,45539,30.1,36.8,33.1,75.8,9.4,93.0,51.2,46,87.3,217,80,314,450.9,28.1,98,1.1,146,23
124,88507,92.0,25.8,447,60554,76.2,13.9,9.9,88.5,55.9,16.3,12.4,439,17.2,96,48,312,263.8,100.0,483,38.8,81,170
125,44023,3.2,18.4,44,52852,65.7,23.8,10.6,63.5,35.6,94.9,27.7,204,61.7,320,132,457,477.3,7.0,183,15.8,212,10
126,7491,34.1,21.2,437,29863,26.8,9.1,64.1,54.5,26.4,88.9,68.6,372,61.0,251,110,386,149.8,57.1,367,44.4,89,55
127,22621,87.9,2.1,52,16672,62.6,1.1,36.4,25.0,39.3,7.4,60.2,84,59.2,462,79,273,179.5,100.0,149,18.4,102,48
128,18902,91.7,16.6,492,62158,72.1,13.5,14.4,66.1,34.2,30.5,95.2,463,18.3,272,179,92,97.3,100.0,418,39.7,48,151
129,82173,92.1,13.6,434,69757,70.1,15.4,14.5,5.5,94.0,27.9,49.9,149,3.4,169,147,381,131.8,100.0,144,35.5,190,70
130,58450,94.8,5.8,70,16617,4.2,77.9,17.9,2.7,70.6,29.0,48.1,399,54.3,407,164,4,270.7,100.0,441,16.4,55,159
131,67828,39.1,1.8,63,26224,25.4,73.7,0.9,14.5,51.5,47.2,1.0,450,30.9,300,47,369,14.9,100.0,5,3.5,16,0
132,60748,9.7,16.6,457,18943,39.8,11.9,48.3,90.7,32.2,74.0,89.1,334,24.5,65,69,108,201.9,15.5,13,33.7,43,26
133,46439,72.0,13.9,435,49053,22.6,1.0,76.4,93.2,5.2,46.0,72.0,43,73.4,158,55,498,285.8,83.9,269,4.2,96,77
134,17651,9.8,8.1,436,57647,13.0,29.7,57.3,83.8,92.4,55.4,64.3,63,62.0,383,36,304,69.7,26.1,218,20.8,101,42
135,53036,60.4,29.1,365,93090,9.5,58.4,32.1,35.6,23.9,71.8,12.3,399,1.5,179,91,7,183.8,100.0,336,23.6,214,128
136,88451,42.6,11.0,402,78057,63.9,5.0,31.0,60.6,49.5,50.4,76.0,81,17.5,409,40,371,422.4,72.0,342,36.3,15,75
137,14407,92.5,22.5,97,49903,60.2,16.4,23.4,93.2,54.2,23.4,96.7,426,29.4,212,37,183,498.2,100.0,281,21.9,204,136
138,73156,60.8,14.7,58,17513,2.0,33.6,64.4,36.5,20.6,84.0,76.1,285,52.1,190,166,178,301.3,100.0,384,20.9,81,118
139,25091,30.5,18.4,231,95215,32.9,40.2,26.9,21.6,37.8,53.6,95.7,360,94.6,172,59,48,338.6,42.5,15,3.7,205,27
140,37605,95.0,13.7,189,69280,13.9,54.0,32.2,41.7,85.8,98.3,32.0,201,92.3,212,109,305,115.1,100.0,208,39.0,141,91
141,89932,22.8,4.6,170,93557,57.3,21.5,21.3,62.7,58.6,27.5,75.3,58,87.9,214,68,146,87.6,59.1,40,27.4,179,34
142,10114,85.4,14.0,110,68856,21.3,9.2,69.5,23.9,66.5,8.9,90.8,197,13.2,352,108,303,126.5,100.0,238,27.8,66,62
143,92567,3.8,15.6,439,29046,20.4,56.1,23.6,6.8,17.0,21.0,38.2,290,28.0,480,2,339,230.6,5.9,230,39.8,98,0
144,49151,27.4,16.5,227,84692,5.4,81.2,13.4,72.1,25.5,74.7,97.9,212,40.0,306,47,148,373.4,39.4,92,47.5,14,21
145,53026,11.7,9.3,234,73167,5.6,93.2,1.2,96.2,23.7,21.9,7.1,474,49.6,361,100,159,471.2,34.3,160,23.2,206,38
146,28991,31.3,25.0,366,90690,13.7,39.0,47.3,50.4,48.5,67.0,99.0,484,47.0,454,125,359,113.1,61.5,453,3.6,163,74
147,14782,29.5,24.5,470,80406,7.4,52.2,40.4,54.3,84.7,39.1,1.9,39,33.4,293,110,484,185.5,64.6,334,26.8,126,50
148,7943,99.4,9.3,206,27079,65.8,21.2,13.0,80.5,16.6,12.9,43.2,174,49.6,138,6,230,391.3,100.0,406,18.7,158,123
149,62788,58.2,15.7,222,94627,32.6,48.3,19.0,27.4,53.1,68.8,88.3,351,13.0,130,134,459,281.5,100.0,314,28.5,135,74
150,20861,81.4,13.5,499,16148,8.3,6.8,84.9,20.5,62.6,37.8,58.9,184,66.1,487,182,488,431.7,100.0,379,20.5,153,98
151,7649,82.4,8.7,61,62252,5.2,33.1,61.6,92.2,93.4,84.7,95.7,498,83.7,310,3,9,135.7,100.0,456,45.1,225,157
152,10647,21.6,1.5,385,54648,98.6,1.4,0.0,45.6,19.6,66.4,10.1,163,56.7,411,77,174,454.8,64.0,92,38.4,45,0
153,59920,54.7,25.2,71,48767,16.3,43.7,40.0,73.4,20.9,21.8,95.0,54,22.8,484,34,237,294.8,94.6,166,38.1,73,59
154,94251,83.3,16.1,8,21989,42.7,53.1,4.2,66.2,45.9,32.1,41.9,447,84.2,441,28,402,392.4,100.0,74,43.8,19,29
155,63515,99.4,2.2,152,25758,92.0,7.4,0.6,79.3,21.7,5.0,49.7,257,79.6,14,32,395,471.8,100.0,235,20.2,81,112
156,12778,55.1,27.4,388,73148,3.9,70.0,26.1,80.8,42.9,36.1,3.2,428,7.9,399,192,426,339.1,88.0,2,44.5,25,7
157,73873,97.1,29.5,364,50415,11.7,42.9,45.4,15.3,22.3,58.6,18.4,157,74.5,368,79,404,78.9,100.0,454,46.5,124,109
158,19044,58.0,23.2,2,61056,43.8,45.9,10.3,97.9,16.5,15.8,85.4,468,66.1,298,44,434,48.8,100.0,256,47.5,90,79
159,27382,95.8,3.7,11,30654,10.9,51.1,38.0,97.6,89.9,70.7,40.5,495,95.2,351,98,1,63.5,100.0,36,41.5,174,72
160,44201,1.3,20.3,364,19463,50.5,14.1,35.5,16.9,96.4,46.3,38.4,411,60.1,483,163,239,41.8,3.1,469,11.1,10,73
161,70428,13.4,5.3,18,11868,46.0,34.0,20.0,25.3,79.8,51.1,72.2,459,38.7,440,11,182,193.0,35.8,74,34.9,59,0
162,60137,43.0,9.6,127,21260,15.6,78.5,6.0,60.8,94.9,83.3,92.4,42,78.1,277,130,183,92.4,70.3,192,14.8,32,78
163,57455,73.2,19.0,318,22407,68.9,4.0,27.0,84.1,33.0,18.3,39.4,291,95.4,346,35,489,155.4,100.0,389,17.9,117,85
164,38248,43.8,9.8,447,52152,45.1,12.6,42.3,99.5,19.7,63.1,25.1,416,40.2,282,178,20,376.2,66.3,306,45.3,220,104
165,19653,34.4,3.6,103,72745,39.8,50.8,9.4,79.9,71.4,69.9,25.5,467,6.7,212,61,15,54.8,35.2,42,32.1,62,38
166,39830,86.3,11.6,42,97360,44.4,51.4,4.2,27.0,66.8,9.3,8.8,326,69.0,160,102,163,46.2,100.0,444,15.0,166,149
167,47325,33.0,29.0,107,90887,39.1,28.5,32.4,52.1,96.1,1.7,53.0,474,24.4,20,55,19,446.8,45.2,164,2.5,167,81
168,27722,30.9,22.2,486,62156,15.7,82.5,1.7,94.1,2.8,67.5,42.5,351,11.7,197,95,167,470.3,55.3,216,39.8,194,74
169,12581,71.4,28.1,109,32165,15.3,36.9,47.7,13.3,70.8,65.7,39.0,359,60.2,190,114,336,338.7,85.1,227,12.1,15,58
170,8162,8.0,29.3,24,35560,53.8,14.1,32.1,23.6,15.1,51.5,68.3,304,75.1,208,129,113,282.5,23.9,181,34.2,147,35
171,92322,42.5,23.8,218,99536,27.6,4.3,68.1,66.7,62.6,79.8,37.5,476,13.7,234,166,271,297.0,53.1,384,17.1,151,121
172,64453,53.1,29.5,102,11704,39.3,3.4,57.3,98.2,60.9,58.3,12.4,186,83.4,125,109,12,428.8,100.0,317,8.1,102,152
173,30358,35.9,8.3,43,99567,76.7,1.5,21.8,41.4,6.7,17.6,88.6,233,37.2,380,195,256,388.8,61.8,350,41.2,185,99
174,61115,47.6,16.2,396,72856,12.5,41.8,45.8,55.3,97.3,58.1,77.9,362,97.0,109,149,440,358.1,80.6,290,3.4,232,87
175,37386,74.7,24.5,73,44534,4.9,64.6,30.5,29.1,85.5,91.2,30.8,416,48.0,208,175,47,169.8,100.0,122,37.1,108,82
176,3790,82.2,11.2,385,79035,28.5,53.9,17.6,57.8,65.3,41.4,98.4,467,16.5,63,106,44,216.0,100.0,445,15.7,240,177
177,75580,34.1,22.1,240,58109,16.1,59.6,24.3,63.8,96.9,1.0,21.8,395,27.7,185,38,114,45.7,42.1,131,32.1,76,62
178,5995,31.2,8.9,162,42792,41.9,27.3,30.7,23.6,85.2,59.6,3.6,79,85.3,420,107,268,454.6,67.6,103,28.5,150,20
179,55052,6.4,28.7,287,52047,10.5,64.1,25.4,45.8,16.8,20.0,97.6,35,78.2,242,73,303,203.9,14.9,472,4.8,108,100
180,96411,36.1,21.2,292,95255,27.3,9.8,62.9,68.3,25.7,8.4,78.8,347,38.7,443,118,100,20.8,97.7,294,29.7,119,101
181,32321,6.6,13.6,93,35180,17.7,13.3,68.9,71.5,54.6,31.1,61.8,230,76.3,237,112,307,243.5,17.5,91,10.8,96,13
182,87152,18.5,15.5,359,16120,75.4,1.2,23.4,39.0,72.3,34.5,30.9,142,19.4,379,22,262,247.5,53.8,484,10.0,58,88
183,75849,25.9,27.6,165,96814,10.0,20.4,69.6,21.7,41.5,37.3,46.7,47,48.5,61,108,302,227.2,43.0,395,18.1,91,76
184,65336,64.3,16.3,477,43831,33.6,59.4,7.0,19.2,35.8,50.1,22.1,272,65.6,83,21,326,202.6,100.0,366,24.4,182,93
185,31581,68.7,4.8,39,99643,53.5,16.7,29.8,13.8,1.5,58.4,99.0,178,95.6,468,5,294,369.6,100.0,421,30.6,230,74
186,14149,44.1,19.5,494,16959,35.5,0.8,63.7,5.0,16.5,17.9,46.0,385,87.4,41,59,436,405.5,93.2,30,22.6,69,6
187,4411,84.5,11.7,464,21933,23.6,64.7,11.7,97.1,49.1,65.8,71.4,97,3.7,352,130,76,289.9,100.0,67,17.5,150,73
188,45445,44.5,4.7,178,48990,36.6,53.7,9.8,48.0,50.9,41.8,53.2,157,91.9,455,66,12,400.1,100.0,180,21.9,45,68
189,12778,7.4,3.1,22,48560,45.2,45.0,9.7,50.8,97.9,85.0,41.5,147,37.4,4,8,234,175.9,17.5,412,27.6,183,78
190,14699,68.0,18.7,478,99051,54.4,43.7,1.9,25.5,68.9,70.5,67.6,58,32.8,419,52,96,103.3,70.7,265,6.8,43,98
191,36737,79.0,8.2,366,61456,48.9,23.5,27.6,30.9,40.6,8.5,14.6,32,10.3,44,59,250,105.9,100.0,300,4.2,199,111
192,53204,52.2,11.9,476,17374,59.3,23.9,16.9,18.6,59.9,48.5,91.3,473,57.3,322,39,269,203.3,87.3,192,16.2,153,46
193,94026,32.6,8.5,222,46866,10.1,76.3,13.6,24.0,98.7,60.4,90.4,370,28.4,226,46,169,111.1,62.0,186,26.5,197,45
194,15119,79.9,15.5,277,25981,4.3,94.7,1.0,28.1,25.2,18.6,34.7,145,6.5,158,22,129,305.3,100.0,392,37.3,138,93
195,68022,97.1,7.0,407,73564,21.6,43.9,34.5,54.0,96.3,51.6,84.6,322,18.0,454,107,499,348.5,100.0,418,7.3,32,113
196,63468,42.6,15.7,449,26306,69.0,2.7,28.3,7.2,68.4,40.4,25.3,418,83.9,9,115,247,197.8,70.8,74,44.4,190,31
197,4931,21.8,25.5,254,11327,28.0,55.0,17.0,72.6,50.8,33.2,35.8,365,7.3,64,2,249,394.1,21.9,493,12.0,203,104
198,54917,39.7,29.9,17,65230,36.1,46.4,17.5,7.2,4.6,17.1,92.3,149,26.2,178,62,43,490.8,76.3,495,18.2,105,143
199,24002,29.2,4.8,351,39993,28.6,29.5,41.9,7.5,58.9,74.7,22.3,326,59.1,97,83,425,126.1,53.5,454,42.5,123,59
200,13459,97.0,16.9,144,34571,3.2,35.1,61.7,59.5,90.1,4.7,8.8,173,14.9,9,96,79,9.9,100.0,1,1.4,8,77
201,1705,88.6,15.0,146,28183,19.2,26.2,54.6,49.4,95.3,43.1,3.9,147,41.2,26,257,86,9.6,100.0,7,5.8,7,96
202,10928,6.0,8.5,22,28397,22.9,35.3,41.8,93.8,82.8,69.7,4.0,165,45.6,19,232,18,41.7,7.7,15,10.7,18,77
203,11596,30.9,13.6,21,48850,69.9,29.7,0.3,64.4,18.2,17.1,7.5,195,5.5,19,345,95,14.5,88.6,18,4.6,3,94
204,13110,32.0,7.5,138,32859,27.3,72.1,0.7,80.3,70.8,79.3,5.9,51,64.4,30,336,35,13.9,68.0,9,4.3,18,89
205,4340,38.5,25.4,43,46907,35.7,0.9,63.3,11.0,85.4,76.4,4.2,37,14.4,10,44,98,13.3,64.5,11,3.8,14,8
206,15784,85.0,5.8,130,49818,8.3,52.3,39.4,6.3,89.7,19.8,4.8,173,90.7,3,65,62,36.8,100.0,8,3.1,16,48
207,2331,78.9,9.6,44,25760,27.6,7.4,65.1,48.2,19.3,72.3,2.5,38,6.4,44,5,39,44.6,100.0,16,2.4,19,72
208,14207,56.0,7.1,114,23188,10.7,16.7,72.6,100.0,13.4,24.7,6.5,191,33.0,49,493,12,20.3,100.0,3,8.7,2,128
209,3697,13.2,7.0,141,45609,35.9,9.4,54.7,65.8,81.2,42.4,9.2,67,61.9,8,145,59,39.3,17.9,9,7.6,6,46
210,5894,49.5,12.0,59,21402,19.5,18.8,61.8,18.1,35.8,42.1,1.8,184,90.1,30,116,29,45.4,98.1,13,14.6,6,45
211,14624,17.7,10.2,131,28423,21.2,64.9,13.9,15.5,1.4,65.7,4.6,86,46.1,28,33,7,35.8,23.4,5,9.1,8,18
212,6512,62.7,23.9,132,20914,17.5,1.5,81.0,12.0,55.9,4.0,8.4,110,6.9,30,307,99,45.7,100.0,3,3.2,10,80
213,19347,14.8,14.5,45,32680,26.8,45.4,27.9,51.8,19.0,7.3,1.7,199,59.3,37,455,85,3.6,23.2,14,14.8,15,72
214,15193,62.8,14.4,27,15284,47.6,42.8,9.7,31.9,6.2,63.0,8.9,111,94.5,40,481,85,24.8,100.0,14,4.8,14,110
215,9520,4.5,20.8,20,26296,87.1,8.7,4.1,91.4,61.6,27.2,6.6,44,53.4,8,79,78,16.4,9.5,13,2.3,14,29
216,5289,73.0,23.6,140,27175,30.1,63.3,6.5,55.5,83.4,54.5,6.0,97,81.4,30,481,91,20.7,100.0,8,7.1,7,126
217,12953,53.5,14.8,62,39311,15.4,56.3,28.3,12.9,99.2,98.5,7.1,130,32.2,39,216,81,49.6,60.3,15,4.8,10,43
218,4494,11.5,1.2,58,31864,4.3,89.1,6.6,86.5,87.5,15.9,8.9,185,84.2,3,371,37,35.6,19.5,19,4.9,17,73
219,18514,92.7,14.7,17,49306,19.1,72.5,8.4,95.5,42.3,52.9,3.8,138,5.2,39,190,31,25.4,100.0,12,5.5,2,109
220,8874,88.2,14.6,71,32929,10.5,43.6,45.8,65.6,11.8,62.4,1.1,179,90.3,33,344,75,36.0,100.0,19,5.8,11,109
221,8313,15.4,24.9,36,17992,21.0,8.3,70.7,44.7,77.2,71.2,9.8,181,27.3,20,177,49,33.4,16.6,4,3.5,15,40
222,16392,81.4,22.1,100,15926,12.3,32.2,55.5,68.2,50.6,100.0,4.6,174,40.5,35,230,61,38.4,100.0,14,12.1,2,117
223,16952,9.4,10.6,44,24043,65.6,9.0,25.5,78.2,61.5,63.5,6.5,128,63.9,43,359,70,27.0,18.9,19,6.4,12,88
224,5412,41.6,3.3,62,24609,62.0,35.1,2.9,60.1,10.9,58.6,3.4,43,61.7,44,211,90,17.0,55.8,7,11.2,11,49
225,16484,95.6,2.2,95,40721,3.5,25.3,71.3,38.0,29.9,11.3,8.8,67,64.1,30,142,24,3.9,100.0,6,13.8,7,94
226,9108,87.5,3.2,19,17969,11.7,27.5,60.8,81.9,88.3,43.7,4.5,168,54.2,27,254,3,38.7,100.0,6,3.3,5,114
227,19722,89.4,4.6,45,43509,51.0,17.4,31.6,12.8,68.8,26.1,4.3,92,47.1,14,454,38,33.8,100.0,2,14.5,6,111
228,13083,10.2,5.6,12,49148,22.4,4.6,73.0,87.6,95.0,50.1,9.8,34,54.1,30,133,79,40.1,18.0,13,10.7,1,55
229,17759,64.1,6.8,34,40823,20.3,54.0,25.8,65.0,56.9,84.1,8.7,42,25.7,16,99,81,41.2,100.0,2,13.6,5,78
230,9906,86.4,27.8,15,15272,58.9,19.5,21.5,43.2,51.6,5.8,9.9,56,13.9,29,271,16,16.6,100.0,3,10.9,15,89
231,3864,72.1,13.5,75,43629,20.6,60.4,19.0,24.8,6.3,52.4,3.1,67,64.9,49,318,57,45.9,100.0,8,10.3,8,79
232,16352,83.5,24.8,116,32365,37.3,24.7,38.0,44.7,8.8,19.2,8.4,180,13.1,15,307,18,1.9,91.3,3,4.4,4,100
233,15170,71.3,7.2,86,42655,4.0,44.0,52.0,44.6,47.3,79.0,1.6,32,3.2,14,167,53,40.3,100.0,18,2.7,8,88
234,1380,28.4,10.1,88,41031,54.9,38.2,6.9,14.7,2.7,71.3,7.9,194,23.8,45,126,37,9.9,45.6,17,6.6,14,39
235,19986,85.3,4.1,18,30371,60.2,5.1,34.8,100.0,64.8,16.9,6.9,197,81.6,27,400,68,23.6,100.0,9,10.7,7,132
236,19741,41.5,19.1,66,40561,59.3,29.0,11.7,62.9,64.6,6.9,6.3,150,3.0,38,88,47,7.7,77.3,7,9.4,10,43
237,11158,5.5,1.9,132,26042,0.6,13.6,85.8,20.4,3.7,89.0,7.5,38,85.9,1,212,36,47.2,7.7,10,5.7,15,23
238,14890,14.9,22.7,131,48270,83.2,11.6,5.2,14.4,85.2,43.7,8.0,182,51.9,32,91,13,35.7,29.4,3,6.2,11,22
239,19341,79.0,24.8,20,21666,66.1,18.1,15.7,39.2,9.6,55.4,8.6,127,84.9,16,120,51,41.3,82.2,2,8.8,17,74
240,10213,69.3,14.1,127,14528,25.8,31.1,43.1,14.7,93.4,54.9,7.0,102,31.5,31,482,93,34.3,100.0,2,3.3,12,79
241,11865,23.9,22.0,16,17509,8.1,57.7,34.1,12.9,95.3,19.7,4.0,188,73.7,47,294,77,8.9,59.4,14,1.3,1,62
242,18197,53.5,20.6,101,30151,7.1,39.6,53.3,68.1,81.2,25.5,9.6,153,21.9,36,177,64,3.5,64.6,11,13.8,12,73
243,8752,9.9,8.5,135,13709,6.7,80.1,13.2,12.1,48.4,14.7,8.6,137,53.2,13,175,97,19.6,17.2,2,7.2,10,17
244,2685,77.7,19.0,47,35534,66.3,5.8,27.9,8.3,92.4,34.2,3.6,112,62.2,35,245,73,48.9,100.0,18,7.0,17,96
245,19279,71.6,16.3,30,25237,15.5,29.0,55.5,7.4,37.4,48.8,3.8,151,95.5,29,139,61,21.3,100.0,11,3.6,5,60
246,11895,75.3,14.0,55,44594,91.7,6.6,1.7,92.1,76.0,64.6,7.5,99,52.0,10,35,88,5.4,100.0,18,8.1,3,88
247,16550,34.1,6.5,101,41634,81.3,3.2,15.5,32.5,64.1,49.0,6.3,196,39.6,8,326,23,31.0,97.7,17,13.5,1,66
248,1151,70.7,13.8,48,39689,4.9,82.7,12.4,46.7,72.3,11.9,4.9,82,62.6,8,469,25,21.8,100.0,11,2.8,18,116
249,10638,29.2,19.5,145,22737,37.8,55.7,6.5,93.7,35.8,7.8,9.0,137,36.4,39,203,43,38.8,74.0,1,10.7,9,68
250,19801,18.7,16.7,80,18452,36.2,58.7,5.1,17.0,91.6,31.0,1.3,183,26.5,35,427,50,31.1,55.5,1,12.7,13,67
251,19129,22.8,29.8,62,27006,29.2,54.9,15.9,8.7,84.4,5.5,7.9,67,66.7,41,491,34,2.1,39.2,10,9.9,17,64
252,13190,67.7,16.0,1,14395,84.6,13.7,1.7,76.1,34.4,31.0,4.7,79,65.9,37,490,43,9.5,90.3,1,12.5,5,122
253,2953,96.5,12.9,7,23956,7.0,32.0,61.0,92.0,66.5,23.2,3.1,125,12.3,13,451,39,35.8,100.0,17,13.0,1,142
254,9506,76.4,20.0,76,16908,61.6,27.8,10.6,99.6,57.4,98.5,3.1,127,87.4,45,466,17,43.2,100.0,13,3.9,10,140
255,5892,91.1,24.1,32,16749,81.9,13.2,4.9,24.1,14.7,56.5,2.6,193,42.9,20,134,21,14.8,100.0,6,5.1,17,89
256,6304,55.9,27.9,21,42786,28.7,31.5,39.8,61.4,87.5,96.3,7.6,68,72.5,15,425,33,35.7,100.0,6,11.3,10,96
257,7049,40.6,8.6,124,38261,0.3,83.2,16.5,3.2,94.5,3.5,4.5,83,93.4,17,193,29,29.0,68.5,2,3.0,4,58
258,11312,28.3,22.4,131,43453,28.6,25.6,45.9,83.4,81.3,80.1,1.5,190,52.0,42,429,16,27.9,83.1,7,7.3,13,96
259,12553,80.6,28.5,46,13101,27.1,59.3,13.7,68.6,2.9,94.1,8.7,132,96.9,41,442,36,26.9,100.0,6,11.8,17,134
260,6903,74.7,29.2,112,42805,61.7,24.4,13.9,51.9,53.5,64.0,6.9,46,65.5,18,324,76,3.6,100.0,1,3.0,7,100
261,19864,89.0,2.5,89,45408,69.8,12.4,17.9,69.7,42.1,75.6,6.8,100,89.8,37,299,99,42.3,100.0,17,12.4,13,108
262,8739,80.7,25.1,134,17874,71.3,23.8,4.9,7.9,17.0,2.3,1.6,197,90.3,14,488,57,27.4,100.0,17,4.9,8,112
263,16429,63.1,6.4,15,19161,30.6,68.4,1.0,29.1,93.2,5.7,5.2,34,7.6,20,131,32,32.3,100.0,12,2.6,16,69
264,1596,97.0,17.8,101,45056,0.1,99.3,0.6,63.9,34.2,44.3,6.5,178,53.0,29,71,44,12.2,100.0,15,14.9,7,94
265,15315,61.4,2.9,130,19108,41.8,52.9,5.3,72.4,2.4,41.2,9.4,48,64.2,44,141,36,2.8,100.0,5,13.6,13,88
266,9073,19.4,8.8,145,30107,8.0,3.9,88.1,21.2,84.4,25.4,2.4,32,89.4,48,448,63,8.2,54.9,15,6.0,6,70
267,9771,39.7,21.2,49,20483,7.2,55.2,37.6,41.2,93.4,96.9,4.6,199,36.7,36,330,84,21.9,80.5,13,3.0,6,76
268,15860,62.2,5.8,79,36969,54.3,24.5,21.2,96.7,86.0,41.3,1.8,106,81.2,46,71,75,31.5,100.0,12,9.7,16,75
269,8462,65.2,26.8,128,12906,19.9,57.0,23.1,60.5,99.0,20.9,8.3,104,38.4,36,111,39,49.6,89.0,3,11.4,2,61
270,11692,89.7,6.0,101,31179,55.2,24.4,20.5,19.5,80.0,6.7,9.3,174,59.3,43,220,28,4.1,100.0,12,4.1,19,99
271,19565,90.7,8.9,44,36658,32.2,51.4,16.4,83.2,48.1,2.7,3.1,187,15.4,11,71,19,39.1,100.0,16,7.6,9,97
272,15922,98.1,6.4,113,43215,15.5,38.8,45.7,50.8,44.3,51.3,6.6,172,99.8,22,497,96,26.9,100.0,4,14.8,15,104
273,7635,14.7,8.3,22,12488,10.9,47.9,41.2,47.0,93.5,9.2,6.5,153,17.3,7,73,74,22.8,40.1,7,9.1,3,36
274,16357,48.0,19.8,67,23459,85.0,11.3,3.6,11.8,47.4,79.7,5.7,191,79.2,15,310,24,32.7,100.0,16,3.0,19,50
275,10281,10.6,29.6,121,47434,45.1,35.0,20.0,84.1,6.3,78.6,2.2,179,29.4,25,355,85,23.7,14.8,15,6.2,2,20
276,11612,39.0,13.0,92,34054,74.0,4.1,21.9,6.4,62.5,84.3,1.6,178,13.3,10,127,37,35.4,45.7,13,14.1,11,44
277,18984,1.6,5.4,145,44974,17.3,14.6,68.0,82.3,1.0,58.7,1.5,131,9.6,19,261,20,15.5,3.1,15,11.9,2,52
278,6175,28.9,11.8,63,45366,13.2,28.7,58.1,87.1,41.2,69.4,5.5,82,11.5,34,313,95,48.0,44.9,14,8.4,10,83
279,17150,34.5,28.5,58,34011,37.6,18.6,43.8,64.8,69.0,41.2,6.3,58,9.3,39,313,60,31.6,98.7,14,1.4,19,72
280,8559,25.2,6.9,60,36164,7.5,31.9,60.5,32.9,3.8,38.8,1.4,189,93.8,9,115,5,20.2,43.3,18,9.2,15,50
281,16058,44.9,28.2,91,41533,36.1,9.7,54.1,57.7,12.2,90.6,8.3,41,9.3,19,206,85,33.4,100.0,13,10.4,5,81
282,16278,37.4,29.7,115,33102,45.8,7.6,46.6,52.9,14.1,20.1,7.8,156,55.8,20,464,87,3.7,73.9,16,13.7,9,83
283,14078,6.4,27.4,1,38521,18.4,63.3,18.3,15.9,95.5,74.8,8.9,87,71.6,19,342,83,1.5,11.8,14,1.1,3,47
284,4124,7.3,10.5,27,25261,57.5,26.1,16.4,2.2,67.1,30.1,7.4,115,48.8,35,137,34,39.0,15.6,8,4.7,7,1
285,15069,18.8,19.8,58,15701,3.2,69.6,27.1,1.6,89.9,80.9,8.2,176,53.4,4,130,94,35.5,22.0,5,5.6,5,53
286,12702,86.6,26.5,145,23517,17.6,22.5,59.9,3.6,4.5,65.2,4.6,177,18.0,46,162,66,45.0,100.0,14,11.5,17,58
287,16832,81.9,7.6,81,12730,17.1,0.3,82.6,23.8,41.4,73.0,8.6,53,92.6,37,496,14,13.3,100.0,16,14.3,16,141
288,9565,44.8,2.3,71,44244,24.1,59.1,16.8,92.4,79.5,40.6,4.0,172,73.2,9,60,73,30.1,100.0,6,8.5,7,67
289,5848,18.3,8.7,88,30102,32.6,10.4,56.9,58.5,39.0,71.0,5.5,102,71.2,48,478,3,36.4,27.9,8,2.1,16,78
290,9152,95.9,26.6,21,46837,41.7,32.9,25.5,79.1,73.6,77.8,6.9,35,10.1,42,231,13,47.3,100.0,15,1.1,17,116
291,13943,45.5,8.9,72,16663,26.7,64.6,8.7,41.1,8.5,63.3,8.9,129,42.4,49,39,17,28.1,66.3,18,1.6,5,49
292,2468,98.7,12.8,129,13716,13.9,52.1,33.9,84.2,34.6,7.0,4.7,167,84.3,36,478,95,48.0,100.0,13,7.4,14,126
293,1855,96.4,5.8,128,17788,28.0,47.1,24.9,42.8,34.5,56.4,1.6,45,80.7,32,497,24,4.9,100.0,18,14.5,18,130
294,17204,24.7,6.5,134,15924,17.9,55.1,27.0,59.2,43.6,4.6,1.0,89,41.3,7,232,22,39.7,41.0,19,13.2,12,62
295,7397,65.7,26.3,15,42606,4.8,69.9,25.4,22.7,10.9,69.0,7.7,71,63.7,45,232,94,21.4,100.0,5,1.8,4,59
296,14089,31.9,5.2,15,41291,9.2,25.2,65.7,22.9,75.7,11.7,3.4,136,5.3,37,225,92,21.7,68.0,9,3.6,16,55
297,10687,89.7,22.7,72,49712,32.7,56.3,11.0,40.0,87.4,34.2,3.6,167,39.5,14,230,14,12.8,100.0,11,8.7,13,95
298,2894,78.6,19.9,114,35350,25.6,3.5,70.9,17.5,23.9,27.3,6.5,195,63.4,27,47,51,29.3,100.0,2,3.1,9,58
299,3882,32.7,24.5,36,43236,72.9,20.8,6.4,31.0,75.9,54.4,2.6,116,14.4,3,191,6,48.6,43.2,1,12.8,4,56
300,8050,72.7,27.5,177,36233,1.1,58.2,40.8,47.1,39.7,43.9,4.5,64,86.8,18,66,142,81.4,100.0,33,18.7,91,55
301,19897,61.2,14.6,22,49995,64.2,1.8,34.0,27.8,73.3,21.8,4.2,34,45.9,20,27,143,28.1,100.0,65,22.7,28,51
302,35314,50.9,15.0,92,39441,20.4,0.4,79.2,52.5,71.9,1.9,6.1,58,98.8,28,31,3,63.1,78.3,75,22.6,44,68
303,6144,38.6,22.7,161,23849,62.5,34.8,2.7,94.5,32.8,85.4,2.6,52,25.4,60,29,94,62.1,86.4,70,18.4,1,77
304,30868,1.5,24.3,22,12770,44.1,49.0,6.9,85.9,37.4,48.1,2.8,83,10.6,51,15,145,81.2,2.1,52,5.6,71,6
305,10455,74.0,2.5,79,18448,71.5,4.8,23.7,88.0,86.0,22.0,9.2,62,21.9,96,30,69,92.7,84.5,94,4.6,97,113
306,42461,33.8,11.1,3,16226,70.8,16.1,13.1,8.0,93.1,93.0,7.1,82,83.1,30,47,67,53.7,89.4,29,20.4,11,34
307,25308,41.0,26.8,116,28129,90.0,0.7,9.3,49.7,81.7,87.1,8.8,75,46.7,56,73,83,2.9,59.0,61,13.8,63,50
308,25817,1.5,25.6,215,47717,66.8,19.9,13.3,5.4,17.2,96.5,2.8,60,73.0,9,49,20,66.2,2.5,7,13.0,41,0
309,30815,16.7,29.8,138,13404,0.1,45.4,54.5,7.4,78.9,57.8,6.5,60,82.4,37,23,126,74.7,30.5,73,3.8,34,19
310,43702,69.1,28.5,167,29717,10.3,86.1,3.5,82.6,24.2,95.8,8.9,42,22.6,50,21,52,2.1,100.0,33,19.1,76,82
311,38416,2.3,20.7,83,13881,29.3,1.2,69.5,98.0,82.0,30.7,1.6,83,98.5,76,54,163,19.7,4.5,41,10.2,93,28
312,7952,19.3,8.5,85,29614,25.1,26.7,48.2,3.2,69.7,68.5,8.6,64,86.6,85,6,52,43.1,55.8,34,19.5,49,13
313,17978,37.1,26.2,151,38313,81.8,2.8,15.5,39.9,76.0,73.3,6.3,62,8.5,19,75,175,79.6,65.0,65,13.5,57,64
314,41544,55.0,1.1,32,46027,26.5,54.8,18.7,1.6,39.9,59.1,8.6,50,47.2,65,86,13,47.2,100.0,54,22.1,83,68
315,26182,89.8,16.4,183,40470,35.0,34.8,30.1,19.4,15.8,77.2,7.9,89,99.2,98,48,69,94.1,100.0,15,14.5,4,55
316,35965,25.2,3.8,29,15010,30.1,40.3,29.6,72.7,91.0,77.9,2.2,61,86.7,7,60,155,10.0,43.4,60,21.2,66,35
317,21656,49.8,26.3,222,30525,6.9,5.4,87.7,93.2,95.9,99.1,2.4,73,52.6,41,27,166,96.4,59.5,55,24.3,7,47
318,45117,90.7,4.0,224,24265,20.2,49.1,30.7,54.9,80.0,37.8,7.1,96,82.3,59,6,140,2.1,100.0,38,12.6,94,81
319,17769,60.4,3.9,132,49262,7.6,49.7,42.7,14.7,56.0,62.6,2.4,47,26.4,16,77,157,79.3,91.3,52,5.8,95,87
320,11934,96.7,26.1,230,13420,11.4,47.0,41.6,54.5,15.0,85.1,2.3,40,46.9,1,69,50,11.4,100.0,29,10.2,99,83
321,34959,75.7,23.4,121,34332,25.8,15.7,58.5,68.2,71.9,92.6,2.7,80,1.3,12,43,153,50.0,100.0,75,5.1,1,74
322,31678,41.0,15.4,218,28323,8.7,54.3,37.0,65.4,29.9,62.3,6.5,64,92.3,32,93,138,99.0,100.0,50,4.6,63,78
323,33456,41.8,28.4,198,25536,25.3,41.0,33.7,44.1,70.9,15.3,6.2,53,67.5,81,29,85,77.3,100.0,47,4.4,14,48
324,38875,35.6,9.7,111,35893,2.5,61.5,36.0,39.8,99.4,76.9,7.5,50,2.0,70,94,156,27.9,41.6,70,10.2,17,43
325,8342,89.5,9.4,213,48539,13.2,86.3,0.4,7.8,40.5,94.6,9.4,81,4.9,28,3,24,57.9,100.0,30,4.0,75,69
326,23146,75.4,1.8,41,45809,33.6,39.1,27.2,33.9,55.2,90.8,9.9,81,47.4,48,49,190,31.8,100.0,80,13.9,30,59
327,18245,63.1,24.4,68,48464,81.3,16.1,2.6,98.9,67.5,17.4,8.4,97,74.2,96,42,179,44.9,100.0,98,9.8,23,82
328,22273,12.8,28.1,167,27565,73.1,11.0,16.0,48.8,17.1,34.6,2.1,76,25.0,75,35,175,64.6,17.9,4,11.6,20,6
329,34936,50.7,6.5,237,29778,0.5,48.6,50.9,21.2,51.1,4.0,9.0,68,73.6,40,40,164,97.4,97.3,2,16.1,27,31
330,24119,35.0,29.8,76,13736,22.1,5.5,72.4,14.9,2.9,91.6,6.5,43,71.0,72,75,75,16.4,78.1,24,13.9,98,25
331,14853,48.4,29.7,181,12652,6.8,38.0,55.2,64.8,39.0,11.3,9.2,76,93.8,37,64,148,13.1,88.8,72,2.7,26,67
332,49198,4.7,17.5,141,24297,0.6,92.5,6.9,66.8,84.8,10.1,1.4,66,18.0,82,23,120,86.9,9.8,3,5.6,95,20
333,2618,22.2,8.3,220,49603,45.0,7.9,47.1,96.6,47.3,53.7,8.5,74,85.3,88,16,186,56.9,39.5,12,3.9,44,18
334,27543,17.9,3.6,170,21794,2.3,61.0,36.7,68.4,64.2,31.8,1.6,58,8.5,50,3,21,17.2,35.5,29,19.8,63,28
335,37938,72.8,11.1,110,23040,30.6,35.0,34.3,24.2,29.2,31.8,4.2,57,23.4,8,21,113,53.3,100.0,13,1.1,35,59
336,26293,35.8,15.0,244,23144,28.7,37.8,33.5,26.2,27.0,83.9,3.9,67,64.3,73,15,65,52.3,87.0,17,2.2,88,40
337,3295,53.4,15.3,157,40674,29.3,5.3,65.4,95.0,76.8,69.2,7.0,92,100.0,33,87,157,65.8,100.0,51,14.9,11,77
338,26014,8.6,11.6,2,21961,68.5,31.2,0.3,43.9,3.1,64.3,6.2,81,80.4,99,32,198,90.3,22.9,87,4.6,26,32
339,5778,96.0,13.6,26,46790,83.3,0.4,16.3,78.9,99.7,77.2,1.6,46,72.5,63,87,154,67.2,100.0,50,12.0,10,111
340,20610,84.4,18.7,32,40606,13.4,13.9,72.7,74.3,82.7,49.9,7.0,87,33.8,99,82,93,68.4,100.0,38,9.2,30,76
341,10217,16.7,12.6,103,24330,57.6,5.0,37.5,33.8,85.0,10.6,3.4,32,5.6,73,89,77,96.5,48.7,54,7.4,56,34
342,49848,28.2,19.8,176,33731,58.8,24.9,16.3,96.9,70.8,48.5,8.8,76,72.2,17,31,193,92.7,48.4,95,10.8,11,50
343,38121,69.8,17.7,8,48549,48.0,33.1,18.9,19.2,64.3,10.9,1.2,68,25.6,85,72,7,1.3,100.0,94,9.9,60,65
344,4557,70.2,11.1,62,29365,41.9,18.5,39.7,29.1,21.8,58.1,6.1,32,47.1,70,1,153,21.9,100.0,45,7.8,35,53
345,27455,91.6,10.3,175,26395,17.4,57.1,25.5,33.0,53.9,65.6,6.4,54,69.2,77,8,29,37.6,100.0,40,21.9,3,88
346,21270,7.0,27.4,246,18472,71.3,14.6,14.1,96.9,2.9,52.6,9.4,57,94.9,15,24,130,63.5,14.4,32,5.3,47,27
347,28851,27.8,6.6,50,45823,58.2,8.7,33.0,96.2,12.6,92.5,7.0,95,3.5,46,39,179,60.7,72.6,10,3.9,40,50
348,6565,22.7,14.4,147,14981,35.2,8.6,56.2,20.7,82.3,37.8,7.7,48,31.4,86,7,149,70.6,37.6,30,14.7,55,7
349,27980,75.1,2.7,25,25736,40.3,21.5,38.2,68.3,78.4,25.6,6.1,88,63.0,72,33,136,47.4,100.0,11,22.4,67,77
350,45406,34.5,18.4,239,20036,89.8,9.6,0.6,34.0,61.1,93.8,5.3,50,32.7,85,91,179,29.4,53.1,54,10.5,23,40
351,42067,82.6,26.7,166,17108,45.3,41.8,12.9,54.5,79.5,80.4,4.8,52,96.1,95,74,141,23.3,100.0,62,19.5,68,71
352,7659,56.9,18.2,60,33227,49.4,43.9,6.7,45.3,59.7,98.9,9.7,31,96.0,98,78,171,17.7,100.0,71,13.5,29,67
353,6127,42.8,18.6,245,36085,3.3,61.2,35.5,70.1,3.9,24.3,7.7,72,55.3,4,74,143,30.4,100.0,74,17.3,35,60
354,16542,24.7,20.2,184,38200,13.0,63.5,23.5,61.7,38.6,15.7,6.9,50,71.0,3,71,88,43.7,57.7,8,6.9,79,25
355,22271,52.0,14.2,14,31958,27.6,71.2,1.2,76.8,50.2,49.9,3.3,64,5.7,39,80,10,89.5,100.0,43,23.8,69,78
356,39339,8.7,10.4,2,22918,15.9,15.1,69.0,49.6,17.7,29.4,9.9,50,82.3,5,21,112,96.1,14.7,96,5.2,25,3
357,5356,21.1,26.4,217,41814,31.3,10.4,58.3,79.2,78.4,68.8,3.6,78,51.8,39,22,150,81.7,62.4,2,4.8,31,28
358,48484,64.2,10.3,232,30776,33.9,23.2,42.9,89.7,45.8,68.4,2.4,69,32.8,84,44,60,6.7,72.2,14,7.8,27,81
359,22452,13.3,2.9,114,48757,4.5,22.0,73.5,28.6,8.8,61.5,7.7,70,23.7,72,71,74,94.6,29.8,96,12.4,87,40
360,17084,95.9,3.7,86,14070,44.9,54.9,0.2,25.4,81.9,61.4,4.3,98,95.5,69,11,123,10.2,100.0,53,13.5,77,69
361,8113,69.7,18.6,47,16679,70.1,2.2,27.7,93.1,5.9,49.2,3.9,38,56.8,32,60,10,66.0,100.0,73,7.2,97,101
362,22248,12.6,30.0,65,43250,61.6,16.4,22.0,60.3,2.2,80.0,7.1,65,4.5,58,47,72,25.8,15.0,34,16.5,73,34
363,10766,16.6,2.1,147,27985,2.3,58.1,39.6,40.1,36.2,13.0,2.4,88,74.5,60,54,171,40.6,24.9,26,19.3,85,14
364,39225,55.7,26.4,202,33870,74.7,11.9,13.4,39.9,96.2,31.3,6.4,93,63.4,53,57,102,59.0,100.0,7,16.0,32,55
365,49146,75.7,17.8,230,43747,36.6,52.4,10.9,64.3,61.7,70.3,6.9,59,42.7,80,37,2,57.7,100.0,3,11.0,8,73
366,6215,15.7,8.9,217,13203,22.3,43.1,34.5,12.3,1.9,4.8,2.0,49,83.8,99,70,195,99.3,16.6,1,21.5,61,0
367,3531,77.5,7.2,244,26338,29.0,50.7,20.4,89.0,34.7,35.0,5.7,39,39.2,53,22,187,90.6,100.0,83,16.5,97,77
368,49237,37.3,20.7,47,32381,4.4,42.7,52.9,76.0,48.2,11.5,3.8,98,64.8,1,87,138,83.1,91.0,48,4.0,91,69
369,12737,72.6,12.4,208,30388,13.4,72.2,14.4,4.5,86.1,56.1,8.5,77,18.2,8,20,167,51.9,100.0,4,14.9,23,34
370,11524,69.8,1.0,134,36289,8.1,54.8,37.1,2.7,47.5,63.4,5.9,75,45.8,8,97,1,77.4,99.4,3,22.3,50,62
371,29402,36.4,22.4,23,23364,38.7,19.9,41.4,79.1,84.9,6.0,1.3,35,91.4,73,83,127,27.1,95.0,58,6.1,9,62
372,3463,34.4,25.3,41,35873,28.3,19.6,52.1,70.5,63.7,63.2,1.2,48,38.1,31,26,112,49.4,94.2,55,16.9,36,52
373,20000,20.1,7.9,188,39855,26.1,10.2,63.6,8.2,50.5,66.6,5.5,54,48.3,28,81,17,92.7,37.4,84,21.2,45,52
374,25833,23.7,18.7,2,31208,55.5,13.0,31.4,60.0,48.5,72.7,6.3,96,14.1,61,56,80,58.4,59.5,84,5.0,68,68
375,9608,98.1,28.6,98,31653,39.6,56.7,3.7,77.7,84.0,21.6,6.4,64,50.7,13,4,60,75.5,100.0,6,11.2,45,80
376,8807,32.1,1.8,220,42436,11.8,73.2,15.0,57.3,94.6,72.5,5.7,87,93.9,14,98,116,82.7,42.3,98,2.1,9,50
377,30890,65.1,7.1,145,45370,11.8,37.6,50.6,49.7,21.8,98.4,3.6,68,56.5,44,72,17,84.3,68.0,53,6.2,33,76
378,41920,65.0,12.6,130,13220,3.6,94.7,1.7,49.5,60.7,45.6,7.6,84,41.0,51,93,55,43.6,100.0,98,2.3,68,75
379,33729,75.1,11.2,230,14467,6.2,22.4,71.4,68.3,94.9,75.0,6.0,40,31.5,35,67,125,38.8,100.0,25,2.0,48,67
380,39391,86.8,26.8,228,14520,70.2,13.4,16.4,19.2,96.1,96.1,9.8,48,51.5,20,81,60,48.7,100.0,59,1.9,87,69
381,11470,25.4,13.6,34,44994,31.0,30.1,38.9,1.3,48.8,18.6,3.1,42,14.0,98,63,146,44.6,30.7,88,18.3,10,12
382,16156,13.5,21.9,2,31570,31.5,12.9,55.6,20.0,67.7,38.0,1.4,98,24.3,10,93,2,61.4,30.1,95,9.8,89,62
383,39833,1.2,17.6,128,31742,46.1,10.7,43.2,29.6,83.7,40.9,9.4,90,12.7,38,60,111,14.0,1.6,99,13.9,16,21
384,33031,69.5,19.5,31,34528,32.7,46.0,21.2,45.8,66.1,37.9,3.9,73,23.6,13,92,13,90.0,100.0,74,15.3,10,77
385,24578,19.4,10.1,242,29235,13.5,25.9,60.6,81.9,81.6,62.6,6.2,35,71.5,6,91,186,74.8,47.8,82,8.2,40,53
386,36871,17.4,23.7,12,45298,21.7,9.5,68.7,70.4,8.9,74.3,6.4,37,33.9,89,38,36,73.8,51.6,13,7.1,32,70
387,31937,78.8,5.0,186,12161,27.9,59.9,12.2,21.8,44.6,74.0,4.9,52,17.0,44,4,6,7.1,100.0,99,8.8,42,76
388,36015,58.3,5.9,64,42113,46.4,41.7,11.9,33.3,50.4,2.0,5.4,40,89.8,91,82,60,48.4,100.0,58,10.6,97,74
389,47187,98.2,1.7,220,20706,2.0,74.4,23.6,16.0,9.9,5.1,4.7,93,73.5,87,46,54,65.4,100.0,97,22.4,35,93
390,4832,81.9,16.7,101,24030,35.9,48.5,15.6,28.5,83.3,72.0,2.4,54,13.8,10,38,28,47.0,100.0,75,6.6,94,86
391,44020,3.2,10.0,230,46073,18.0,47.7,34.3,3.5,71.0,72.3,2.8,34,88.1,16,25,28,73.1,7.0,77,21.9,26,21
392,27436,30.2,13.3,222,46724,40.6,6.5,52.9,57.2,16.2,16.6,8.0,73,38.3,27,19,135,23.7,89.1,27,9.2,4,46
393,18794,52.6,28.3,220,22088,86.0,11.4,2.6,74.0,21.7,46.5,2.1,97,23.8,21,47,22,33.8,100.0,59,3.1,38,87
394,32016,94.7,5.7,193,23090,1.1,6.2,92.7,67.8,5.1,13.9,9.1,78,14.4,49,50,47,45.8,100.0,10,24.9,83,83
395,16924,54.0,20.9,241,31803,16.9,82.2,0.8,84.4,70.9,79.1,8.3,74,52.5,57,60,26,18.8,64.8,7,5.9,33,77
396,33790,41.8,18.4,36,35756,86.5,0.4,13.1,8.1,3.6,83.8,8.5,38,4.2,76,71,187,15.9,66.1,28,7.4,74,14
397,20377,71.0,7.7,97,40069,32.6,4.3,63.0,34.0,30.7,3.9,4.2,70,67.6,56,88,49,45.4,100.0,26,2.8,60,83
398,6930,11.4,20.8,216,45671,16.1,39.0,44.9,49.5,32.4,21.5,6.7,82,31.6,21,47,133,91.6,26.7,37,24.2,22,22
399,9411,82.0,4.7,59,27872,37.1,17.7,45.1,17.9,27.4,36.0,5.3,32,35.7,8,47,14,90.8,100.0,63,5.2,88,74
